id,class
30de3513-93ff-42d8-ad5f-4c93f4a4444c,6
84e55af1-ae63-4b06-b650-1136d38b691e,4
2471a7eb-af35-4ae7-870e-6650de9f0c2f,2
d00e8bdc-79af-4e55-b25a-96ea589b6420,
ad9f77bc-5ab6-477d-b760-2f3fc65c14d3,
7c437205-adc7-410c-906e-3c79421e6170,
5f5966ac-dc5f-40ad-8272-7c652eb2b16a,
17445f56-bd54-43f0-9560-db427817b8e6,
964384cb-c075-4423-a7d5-4316c7e58394,
a4f6b08c-32c7-454d-a6af-55f98dbee427,
d2de8fc8-f4b0-4dc5-8c42-0bd92f1e46ae,
96dc5573-6184-409f-9981-5b480cfe9889,
fe3f7fa2-5dca-4535-9cfe-138d934e83cf,
dc4c1a72-7706-41e1-adb8-34a5b342779b,
1bd08fdf-f0cf-4027-a6cd-213269872e2a,
893c2516-d8e7-4d41-a0ea-a1c0bb921492,
fb1a379f-92c8-467c-915d-f0c59482e99e,
e7e79485-e907-4310-b65c-3470106581bd,
23811759-e95d-4714-8599-3864f34c4eda,
5d94abf7-e4ac-42d0-9171-7aff65b383ea,
7a84300f-c4b2-41ad-9e6f-511ca5c22d68,
5d6553fd-c8c8-480c-92d6-13a008884dd7,
2203b45e-2193-423c-aab9-00ae97474cfe,
7d011e6a-7056-42ee-ae76-81c72aa94ef2,
04079ed6-01e6-42bc-b8a0-b30ea9446bf5,
bf70a5c0-57c0-4edc-a755-7e3fc219b355,
603969ca-4a98-4159-a2b6-5a736f4ed53e,
abf85429-425b-46c9-b853-902810df7211,
b7dff902-8709-4bcf-b7a6-6af4b920d406,
0235320b-1bad-4422-98d5-5c14cf9ddd59,
93b0f8ec-4c77-490f-af44-0ce78382ca92,
3dcecd85-2fa6-4e80-8ece-ae83af9017b9,
5f28ce89-6b60-4da6-aa93-48e7e255db94,
de5c1f75-ec1c-4ac5-beba-7895bf42d641,
94033c62-3efb-430e-b4f4-a127c1a2ab81,
eb43382d-9425-4a65-846b-e40affccae18,
ea9f9f74-cad7-4fc8-83d7-147d2e1c0701,
773b55a2-70ff-44e8-b076-ca7e5c61c818,
e7f2c217-4f5e-42cb-a453-ce29233dc82f,
6ea78645-9f90-4e97-8811-51554e468839,
de58a816-7607-43af-a07d-ff04b34b0ab5,
368b9b2b-42de-4f47-8fdd-e18f32c59b62,
fea51ff7-842d-49c2-b779-d2d9dda7ddce,
f8bbc469-5703-48f6-a809-b63d379f4fd0,
6175a44c-c394-43c1-b4d4-b328c8b051fc,
985ee990-3ab4-4703-a6d3-8feebf248b57,
7c6e047d-5432-4d96-80a5-2e67244b3079,
8f9e1a05-ca94-4309-9d93-0d91e4799f85,
6d978f23-e46e-4063-b57e-f21932a1526f,
ea020669-3019-433e-9957-a087207ff675,
6ee7ddf7-aabe-4c07-a0d6-e65c1c1e9c5f,
fa145e7c-0395-47e7-aabc-28da8cb62be9,
3bb8edbc-3367-4be0-8352-4500d55dc726,
81bbfa1c-e24a-44e8-8336-5c116ebdf2f4,
a4e7ba9e-1da3-40ca-b1b2-8f9ef2fe8e95,
746e11cd-0261-4d4c-9440-59c42f261712,
71def67c-3987-47f8-a337-a559cf0f0560,
3c6472a5-171f-414f-9df7-5ce38eddeb0f,
052d35a0-25d8-4eea-9827-2f8d18b6aa99,
15e8312f-b7b8-4291-8258-1e388c71cd88,
1a909767-4f53-4488-b926-9b9cd2dcb7ee,
0613da04-d5f9-4989-b1be-4ce1f3c06dc4,
36cce7a8-a76d-4517-b459-9aec9bcf2541,
5eaae10f-8a35-447c-9ea1-2f8c2e6dca9e,
32bdc663-1cea-425a-862c-3cee1e8a7eb3,
6270d48e-7b58-4d55-89ca-be111957a1b1,
245f7e3a-f32e-41ee-9a6d-c099f5f3f0a1,
e2a29402-5319-4338-a035-7058f76f1109,
db4bfd80-c6c6-47a2-81df-20dfc355849c,
4ef76d73-9e2c-447f-a7e5-dc0ff1a5ea26,
1589af85-8afe-43c3-a928-4c44b52164ff,
aa7f74f2-f161-43fb-acc7-891ca34d5f93,
b8647e6c-c2a9-4d59-9753-647d551f2145,
84d6d9a7-eba5-4639-8cc0-0213fc37e6f2,
eb2bbddf-b648-4a40-a7d1-6e541aee6fe5,
2b540400-6d3f-4a50-8c71-52ecc75294af,
357d769e-2148-404e-aa6d-a33b85d2ef9d,
64a1dc80-d435-43d2-abe2-21baa906c462,
df02387c-789a-4dda-8062-c8a0e85673e5,
9e6235aa-c8ef-4690-8e2d-9d01be7997e1,
c631b237-18de-48a6-9bca-66c70741dcb8,
f79a9dad-a983-4502-8004-a0c7e4d55885,
e0af9ced-c0fd-4cae-8664-d35acbd7f594,
995cdebc-3dc5-460e-82db-019b8afa4fad,
b7b79162-1b43-4c16-a97d-eb73a0c69ad7,
b080958e-7bcb-49bf-9c76-3a2a2ec30cc5,
b1e99b5d-7e79-4b48-a694-b1e1343207c1,
f4187e84-32ef-43c0-98f7-8e8ebec052bc,
0bf17f5b-f52c-42ef-b771-0187588ad2de,
11cd15be-5674-4b46-900b-1a38dda972c6,
9774c8c8-f1ed-421b-ba46-bfe18ac13115,
f016e359-280a-4271-b9b7-81b991a910f2,
3aa640cd-0338-4eb7-9170-315d96f1d866,
e11d7c9a-c3dc-4be5-bfc1-5b2a04dee433,
b44a46ba-15e0-4574-a49e-f8f5ae77f377,
3ed0f70b-ead6-48db-80b5-ffb96c366f43,
1f8145e6-32bb-4dc9-8768-e6e9b1e4aac8,
c76d860d-ee6a-4771-a9e9-4bf5c701a738,
7561d3a8-3067-4c6e-8068-9c5b258c5bcc,
4cc3fc6b-11d5-41fa-b5e1-12a20aef633a,
4f5df1af-160c-4ddd-832b-8d3aa7a7f742,
7b9f06e0-b2b6-4f65-945d-057ddf00117d,
3beacfb6-1686-422a-8606-f7c6d268c8e5,
a43d606d-d32a-4c3f-b771-a4c6914e5de0,
e7c2e9c4-3c7c-4e96-8373-48d68580b1de,
8d1199bd-4e24-460e-9a37-dbdb039f97e0,
a3791f32-5946-4daf-b5ab-1271af3d7945,
56821551-4f53-47a0-9b6d-ead29d286dfc,
4ac94aef-54bf-43e0-9918-82935ff1c733,
63f074b1-95d6-453f-a5bd-513cc428ebf8,
c1d263da-4a45-483f-9fc2-5d331ed56677,
3944ee23-3ff7-4542-888c-bcbe1f444ae4,
fbd32bc0-d1a1-450b-99c9-e61c4f51d540,
b98c22bf-593a-4c69-b214-504fc68232ba,
403ad9da-3bd1-443b-b1b5-977323f9dbe6,
f9847eff-dc78-4d8e-8745-2f0c9eb2f942,
981905df-47de-42fa-9269-21fdaec72263,
d8f25989-8970-46c3-b308-eefa1a2b3ce4,
c11e1778-f8c5-484e-8813-fb9ebffc36bf,
c39f0a7f-3a97-439f-84b6-34c3b377f9d6,
a76e7fc9-c5b9-4dbf-ae51-882776dd05c9,
2ddaa36c-a210-4f78-a32d-c2bc3c04fe0a,
e1dd8ac0-ca09-4fc9-bdc2-e13e225c6b17,
f92ae154-51c4-42d7-a267-c97eb2a7851c,
f839b910-866f-4dad-9d5a-3aecdf9e7744,
9c1853a5-505e-4f99-885e-bee96637a443,
ac830892-6e94-40ea-910d-5285fc1c06ae,
158922c9-ac47-415e-94c2-d9adcfbe509c,
631f1b7a-3ea4-4dd3-9e2d-81dcce788dbe,
70ecdc51-afe2-4811-8f13-b3b581d8cd6b,
dd70c031-1dd9-4410-bd67-220996cb1788,
55984454-e39e-43ff-b502-1bf28c469a5f,
f6698a19-2354-4f1a-ad8f-7a4c39602719,
f06efcc5-0c70-470e-b20c-7fed7157fdce,
0b546103-eb69-4778-8ce7-38c1f69c9217,
f7b09f36-fcb3-4aa0-89de-f8a96c762125,
cdacda39-01a2-426f-bdfd-d066c45409d1,
42935f90-32f1-4e0d-a996-e3aff5baa7b9,
f60c285b-2392-42aa-91e3-40bae8d4ab32,
3b92d557-bb77-43c8-8359-6270197d86a7,
4c281894-08d9-48aa-9317-5559f6c96388,
c169828f-526d-4292-9002-600fab2938f2,
db052a91-9b4f-4041-bad5-de7b84aef38b,
09726b64-488b-48dc-b44a-87a0c3a8f6a3,
0d097254-9d9a-4348-bcda-73b534ff27c9,
7dd9b57d-e6be-46d9-8fc7-6b884dd6fb01,
07159490-a60b-4512-9538-4357d145f5ff,
36ec2b24-7a41-40a7-ae76-0f02e19c32c7,
c1fd2ce7-860e-4f4e-9c7c-594988e3d12e,
d4cdb219-fdba-4e75-8068-55a08fee7cd8,
fc883ad4-7cbd-4697-8df6-0bd4c85c9d60,
50d7fae0-e90d-41a6-a1c8-57b9c3e13977,
18e0199f-a362-4536-91a4-4c6812a50e26,
9da3f5bd-5cb2-40b8-b754-b6a331a40d11,
900459c3-afec-4283-85e2-af92cbc41d17,
f9b08f7e-bedc-487e-87c0-6d7177ad96b8,
b5c514f2-f608-432c-8c1f-fcf2a490d9c1,
95ec2f8c-838c-452c-ab8d-31c05f4f0041,
d8d0ea90-b74c-481b-9f69-b01fe63e78f2,
5fce955d-1068-40b3-afc3-111f8c22c9f9,
f3a000be-07c9-44ad-8ff0-b89a9a1070dd,
84d3963b-cfed-450c-88ab-ca853273d15c,
7b36184c-5541-44d9-9200-8057bd3cf4ef,
aa851836-415b-4a18-b660-99a395976285,
